index,prompt_type,predicted_iou,model_runtime_sec,e2e_runtime_sec,fps_model,fps_e2e,input_scale,peak_gpu_mem_gb,iou,dice,precision,recall,boundary_f1,area_error_pct,perimeter_error_pct,occupancy_pct,failure,confident_failure
55,deepest_interior,0.38897326588630676,0.028366014000027917,0.07610515500005022,35.2534550677094,13.139714385961636,8.533333333333333,0.39677953720092773,0.0004744446840627671,0.000948439386100643,0.999999999090909,0.0004744446840627671,0.0,99.95255553155059,98.30508474430296,0.03666666666666667,True,False
1911,deepest_interior,0.6838769316673279,0.029689442000005783,0.10355683900002077,33.68200722667018,9.65653267960216,3.1920199501246884,0.39677953720092773,0.0005164494648703914,0.001032365764993901,0.999999999787234,0.0005164494648703914,0.0,99.94835505350197,98.23105113217919,0.02344139650872818,True,False
1332,deepest_interior,0.5521652102470398,0.028356428999984473,0.09295291000000816,35.26537139075402,10.75813549032421,3.855421686746988,0.3973269462585449,0.001005650799731706,0.0020092809644546225,0.9999999998809525,0.001005650799731706,0.0,99.89943492001485,97.86310894409863,0.05060240963855422,True,False
312,deepest_interior,0.5329325795173645,0.028705474999981107,0.09898941500000547,34.83655992456694,10.102090208331314,2.56,0.39500951766967773,0.0013246362267936894,0.002645767773746591,0.999999999949495,0.0013246362267936894,0.0,99.86753637731394,94.34357670820197,0.0792,True,False
839,deepest_interior,0.6418943405151367,0.028751172999989194,0.11269206699995493,34.781189623128625,8.873739089375297,3.4133333333333336,0.39677953720092773,0.0014951773202121104,0.0029858902051088988,0.9999999999346405,0.0014951773202121104,0.0,99.85048226796901,96.25202669935987,0.0816,True,False
3311,deepest_interior,0.7697463035583496,0.02806270600001426,0.07229501699998764,35.634482291176475,13.83221197665907,2.8444444444444446,0.3953671455383301,0.00309960351361382,0.006180051318446669,0.6461187214464357,0.0031048745433197907,0.005885812939671655,99.5194575795035,50.619657764453166,0.2006872852233677,True,True
824,deepest_interior,0.6494414210319519,0.0280383909999955,0.0806124150000187,35.6653846506442,12.405037114937793,3.4594594594594597,0.39677953720092773,0.003694830431773019,0.007362457830301992,0.9999999999711815,0.003694830431773019,0.0,99.63051695681206,95.27528699995354,0.18756756756756757,True,False
2701,deepest_interior,0.5124445557594299,0.028041058999974666,0.08883486299998822,35.66199122511398,11.256841809956217,5.688888888888889,0.39677953720092773,0.0037172282596803804,0.007406923294772149,0.9999999999411764,0.0037172282596803804,0.0,99.62827717401011,95.2329543293716,0.2518518518518518,True,False
2106,deepest_interior,0.7577952146530151,0.02802647999999408,0.08482286699995711,35.68054211589223,11.78927375798917,3.4133333333333336,0.39677953720092773,0.0044143204727138665,0.008789839775753748,0.9999999999606299,0.0044143204727138665,0.0,99.55856795271124,93.47459451320614,0.13546666666666668,True,True
834,deepest_interior,0.4003565311431885,0.027981221999993977,0.0767645820000098,35.73825331860829,13.026840945996064,3.062200956937799,0.39677953720092773,0.004514773590807512,0.008988964044139822,0.9999999999009902,0.004514773590807512,0.0,99.54852264087454,97.64792090264743,0.04832535885167464,True,False
668,deepest_interior,0.44063594937324524,0.027970372999959636,0.0800497190000442,35.75211528289033,12.49223623132828,3.4133333333333336,0.39677953720092773,0.004587245126051162,0.009132596791980124,0.9999999999576271,0.004587245126051162,0.0,99.54127548737546,94.52923927252004,0.12586666666666665,True,False
966,deepest_interior,0.5347434878349304,0.02808938800001215,0.09706502500000624,35.60063323556809,10.302372043894653,3.843843843843844,0.3973054885864258,0.0047421233331427495,0.009439483471462659,0.99999999996,0.0047421233331427495,0.0,99.52578766666676,92.63065487547601,0.15015015015015015,True,False
2892,deepest_interior,0.41537120938301086,0.02987696499997128,0.13348453199995447,33.47060184998581,7.491504708578078,3.843843843843844,0.3973054885864258,0.005441961815943657,0.010825014317315439,0.999999999979253,0.005441961815943657,0.0,99.45580381839434,86.40506453400988,0.2894894894894895,True,False
3571,deepest_interior,0.8884338736534119,0.028658591000009892,0.1078923079999754,34.89355076806305,9.26850132819689,3.4133333333333336,0.39677953720092773,0.005916211293259612,0.011762831191781698,0.9999999999753695,0.005916211293259612,0.0,99.40837887065948,95.3583623630702,0.21653333333333333,True,True
1860,deepest_interior,0.4903584122657776,0.02824490099999366,0.08027174000000059,35.40462046583999,12.457684360647876,3.4133333333333336,0.39677953720092773,0.006933808874435442,0.013772124470000962,0.9999999999848714,0.006933808874435442,0.0,99.30661911254597,90.06946590090867,0.3525333333333333,True,False
992,deepest_interior,0.7957650423049927,0.028063452000026246,0.08534774000003154,35.63353503336171,11.716771879368224,5.663716814159292,0.39677953720092773,0.007119035402766085,0.014137425969550954,0.99999999990991,0.007119035402766085,0.0,99.28809645965926,96.49163504224711,0.16371681415929204,True,True
1539,deepest_interior,0.7072917222976685,0.02816594799998029,0.09546444799997289,35.50386445365517,10.475103778951134,3.843843843843844,0.3973054885864258,0.010127834622091145,0.020052580029893283,0.999999999974293,0.010127834622091145,0.0,98.98721653776485,94.5518285893021,0.23363363363363363,True,True
1940,deepest_interior,0.47015130519866943,0.028415967999990244,0.08847591199997851,35.19148107149977,11.302511354731703,3.4133333333333336,0.39677953720092773,0.010279116035029913,0.020349061703604492,0.9999999999905125,0.010279116035029913,0.0,98.97208839648727,94.31869008270031,0.5621333333333334,True,False
2908,deepest_interior,0.50564044713974,0.028072124000004806,0.0809803600000123,35.622527173213854,12.348673184459146,3.4133333333333336,0.39677953720092773,0.013587727644513398,0.026811152648996753,0.9999999999877149,0.013587727644513398,0.0,98.64122723553197,88.78417194880842,0.4341333333333333,True,False
1685,deepest_interior,0.6252297759056091,0.02806402000004482,0.08550732200001221,35.63281383060598,11.694904911182427,3.4133333333333336,0.39677953720092773,0.016631774831349682,0.032719368493294924,0.99999999997669,0.016631774831349682,0.0,98.33682251682626,91.1443315299196,0.2288,True,False
