index,model,model_score,runtime_sec,fps,input_scale,iou,dice,precision,recall,boundary_f1
2796,STT-B,0.8576433062553406,0.08239975200001481,12.135958855796316,3.1067961165048543,0.7382879803089377,0.8494426569960235,0.8650740242259718,0.8343661623575029,0.09385940545913882
2796,SAM-ViT-B,0.9556986093521118,0.5973236019999604,1.6741344166743077,3.1067961165048543,0.8314621191660132,0.9079763217211757,0.832072072071965,0.9991191333506932,0.06446211305097035
387,STT-B,0.5690215229988098,0.07279693999998926,13.736841136456388,3.843843843843844,0.02380818371136162,0.04650907091806129,0.9999999999763594,0.02380818371136162,0.0
387,SAM-ViT-B,0.8590805530548096,0.42378396499998416,2.3596928685115244,3.843843843843844,0.20774113813819012,0.34401600074406063,0.9908896034271413,0.20813868407710465,0.0355571369727714
728,STT-B,0.7832348346710205,0.06657510600007299,15.020629482721418,3.4133333333333336,0.7933696773240627,0.8847809655261618,0.8133099719056239,0.9700234192033975,0.16313932480682738
728,SAM-ViT-B,0.9060723781585693,0.4275747069999625,2.338772578519449,3.4133333333333336,0.669101516356725,0.8017505344039515,0.669101516356725,0.9999999999996396,0.019881245545535324
2074,STT-B,0.9091305732727051,0.06779624600005718,14.750079230038144,3.6363636363636362,0.7615558500269851,0.8646400283196459,0.7903891270929575,0.9542879468641559,0.06255119019895569
2074,SAM-ViT-B,0.9734834432601929,0.42426567300003626,2.3570136912771504,3.6363636363636362,0.7658282415561098,0.867387012545722,0.767151064548546,0.9977534674736287,0.1506110174207148
1411,STT-B,0.7984778881072998,0.0688479619999498,14.524758191109987,3.843843843843844,0.7327329599917429,0.845754050866828,0.780602510010271,0.922771459431691,0.23582357741547705
1411,SAM-ViT-B,0.9476059675216675,0.4238251610000816,2.359463505282093,3.843843843843844,0.7122686337510268,0.8319589808646749,0.7122686337510268,0.9999999999996823,0.05868395875194831
2954,STT-B,0.7153800129890442,0.06587907599998744,15.179326437428944,3.4133333333333336,0.8514615328447316,0.9197723179659897,0.8519384375606732,0.9993429885448627,0.09405144196229868
2954,SAM-ViT-B,0.9837900996208191,0.42472598500000913,2.3544591932607526,3.4133333333333336,0.7954576487185847,0.8860778746703399,0.7964182369156745,0.9984860170820127,0.04944144881969161
2546,STT-B,0.6946595907211304,0.0719179710000617,13.904730432385838,3.843843843843844,0.2738008720925258,0.4298958779055343,0.9999999999933644,0.2738008720925258,0.06940819304222522
2546,SAM-ViT-B,0.8863691091537476,0.42547672600005626,2.3503048201980095,3.843843843843844,0.2959665697669041,0.4567503154346604,0.9999999999938614,0.2959665697669041,0.09163938941514034
3034,STT-B,0.8719687461853027,0.07015951200003201,14.2532348286508,3.855421686746988,0.8081245117478493,0.8938814849278983,0.870308050737487,0.9187675070024872,0.21485495861547227
3034,SAM-ViT-B,0.9927309155464172,0.4274992129999191,2.339185592840353,3.855421686746988,0.8295267781238795,0.906821138714933,0.8295267781238795,0.9999999999996584,0.10735539583375925
1383,STT-B,0.8125469088554382,0.072184952999919,13.85330264052568,3.843843843843844,0.8258285591902271,0.9046069030232391,0.8527671808478873,0.9631572374169591,0.21025943635766037
1383,SAM-ViT-B,0.9306039214134216,0.42017339000005904,2.379969850065611,3.843843843843844,0.8294186197071529,0.9067565080756895,0.8294186197071529,0.9999999999996877,0.14882156012379436
770,STT-B,0.7874876260757446,0.06233639300000959,16.041993318411063,5.688888888888889,0.757868162692422,0.8622582498241966,0.8323475046205592,0.8943988347451705,0.19800031476983965
770,SAM-ViT-B,0.8494403958320618,0.43387159800010977,2.304829365668105,5.688888888888889,0.809125133449003,0.8944932757707568,0.8424501257819912,0.9533898305078433,0.2882223098208092
1247,STT-B,0.9229035973548889,0.08572889799995664,11.664678111230424,4.35374149659864,0.6243531809951927,0.768740675734904,0.7962585899718584,0.743061210640482,0.0153669870102736
1247,SAM-ViT-B,0.9830394387245178,0.42543412399993485,2.35054017434707,4.35374149659864,0.7442894122102729,0.8534012842136649,0.7442894122102729,0.9999999999998304,0.0
1662,STT-B,0.9331661462783813,0.07084850500007178,14.11462387243015,3.843843843843844,0.7957721608393798,0.8862729673539654,0.8464180305874526,0.9300666312870394,0.12914364956594965
1662,SAM-ViT-B,0.9850950241088867,0.42995456599999216,2.3258271433266238,3.843843843843844,0.7507201418124306,0.857612960384689,0.7513527898517474,0.9988796509226175,0.08080807586938922
3412,STT-B,0.6283840537071228,0.07033882899997934,14.216898606604522,3.843843843843844,0.810694463246024,0.8954514190016305,0.8420889813822932,0.9560344827583154,0.24265665417496463
3412,SAM-ViT-B,0.9105429649353027,0.42433390300004703,2.356634699537287,3.843843843843844,0.6323826452289262,0.7747970698870552,0.6325359625018926,0.9996168582372287,0.07184633856513133
1713,STT-B,0.8242416381835938,0.07071170799997617,14.14192965046661,3.843843843843844,0.5483367228354944,0.7082913099565531,0.9063025210082221,0.581289701636114,0.0914314399232727
1713,SAM-ViT-B,0.9841862320899963,0.43448525799999516,2.301574061691205,3.843843843843844,0.8673148890669978,0.92894336584051,0.8678368438648314,0.9993070259863973,0.0662357386316383
2790,STT-B,0.7637467384338379,0.1083941809999942,9.225587487948763,3.4133333333333336,0.8628735632181429,0.9263898315541238,0.864463380930198,0.9978731888870803,0.04056337528793873
2790,SAM-ViT-B,0.9222164154052734,0.4454633590000867,2.244853543610543,3.4133333333333336,0.44279436278210554,0.6138010713159093,0.8342374236276855,0.4855110992953325,0.06935292569266727
414,STT-B,0.8703957200050354,0.11275740199994289,8.86859738042303,4.076433121019108,0.21506191559243948,0.3539933444257113,0.9469584569697813,0.21768417462464384,0.05953168137032655
414,SAM-ViT-B,0.9604039192199707,0.4533250459999181,2.2059226791545523,4.076433121019108,0.21897933361432392,0.35928309459528107,0.9533602644107478,0.22135061391522734,0.06960577579635994
1290,STT-B,0.539772093296051,0.08587541500003226,11.644776330916413,2.838137472283814,0.5876582250835929,0.7402830354784344,0.9482668696521126,0.6071225508334064,0.0431875297955002
1290,SAM-ViT-B,0.9391795992851257,0.44643025899995337,2.2399915324738426,2.838137472283814,0.8749812858686788,0.9333226869656994,0.9177586236978593,0.9494237520643891,0.040091616640611706
943,STT-B,0.8969619870185852,0.11299991800001408,8.849563943930255,3.4133333333333336,0.653094484659905,0.7901477994396282,0.9877983648985277,0.6584060133903832,0.2006220534284548
943,SAM-ViT-B,0.9823915362358093,0.448774680999918,2.228289701575617,3.4133333333333336,0.9257589613466266,0.9614484262342682,0.939825045438375,0.9840902556237272,0.16167062007728705
3137,STT-B,0.8055510520935059,0.07934417800004212,12.603319174841904,4.705882352941177,0.5248985614145153,0.688437348813042,0.6070819112602087,0.794972067034665,0.19941077149352968
3137,SAM-ViT-B,0.9450598359107971,0.4396835369999508,2.274363072184147,4.705882352941177,0.4965325936185949,0.6635773864677228,0.4965325936185949,0.9999999999944135,0.06270232954819631
2828,STT-B,0.8132724165916443,0.06629001099997822,15.085229055103468,3.282051282051282,0.8578652031817404,0.9234956354342378,0.8959876344431126,0.9527461991506708,0.08810516067512954
2828,SAM-ViT-B,0.9768384099006653,0.4279619259999663,2.3366564622855694,3.282051282051282,0.829074969907471,0.9065511075791629,0.829074969907471,0.9999999999998631,0.00850665855720384
1067,STT-B,0.9117660522460938,0.0684130559999403,14.61709297127251,3.290488431876607,0.734555578902745,0.8469668978464379,0.7594503584614601,0.9572807558013573,0.25444595943266823
1067,SAM-ViT-B,0.9921996593475342,0.43419939700004306,2.303089333861744,3.290488431876607,0.6910684671875427,0.8173157747265853,0.6917895935110318,0.9984938728000283,0.0836569349759936
363,STT-B,0.8507470488548279,0.07851354800004628,12.736655334941817,3.855421686746988,0.7828178885302084,0.8781804283729501,0.7953151931279717,0.9803218166616814,0.1635492895691514
363,SAM-ViT-B,0.9291789531707764,0.43114239599992743,2.319419313150007,3.855421686746988,0.7708795669822001,0.8706177216736146,0.7756658134086446,0.9920590693783115,0.059955709546893665
747,STT-B,0.7863357067108154,0.0684329240000352,14.612849218593752,3.4133333333333336,0.49465080286317525,0.6618948076910203,0.991584417598846,0.49673615293449996,0.043541567330857796
747,SAM-ViT-B,0.9891911149024963,0.4349028569999973,2.299364062351989,3.4133333333333336,0.932078537328879,0.9648453924833598,0.9392286536851021,0.9918986653195858,0.11952699401122312
2916,STT-B,0.7702268362045288,0.07067650999999842,14.148972551135058,3.8323353293413174,0.672095014299384,0.8038957218959176,0.8883110629587365,0.7341318795016248,0.11707552890822276
2916,SAM-ViT-B,0.9809768199920654,0.43614819099991564,2.292798687774893,3.8323353293413174,0.4183495097141177,0.5899103244283422,0.4183495097141177,0.999999999999801,0.00036172543197968897
351,STT-B,0.7777635455131531,0.06596879100004571,15.158683141537445,3.4133333333333336,0.7211807988781349,0.8380070232577546,0.721370367124576,0.9996357455063141,0.12479584728468208
351,SAM-ViT-B,0.9251502156257629,0.4332776250000734,2.3079890174338695,3.4133333333333336,0.6869993324426844,0.8144630756290179,0.6871713546442808,0.9996357455063141,0.05017832492746417
2882,STT-B,0.8473642468452454,0.06519092300004559,15.339558852377358,3.4133333333333336,0.6415427369683635,0.7816339136599983,0.6429189718111313,0.9966744457403753,0.05482469248649284
2882,SAM-ViT-B,0.978564977645874,0.4349450440000737,2.2991410381487887,3.4133333333333336,0.6243502452593073,0.7687384504437805,0.6262759785559865,0.9950991831966189,0.06347203693299863
1721,STT-B,0.6976784467697144,0.0632199799999853,15.817784187850622,3.0843373493975905,0.5132112620593595,0.6783074841260698,0.5132718966602644,0.999769868057303,0.010268287128692637
1721,SAM-ViT-B,0.9510836601257324,0.4347094989999505,2.30038681533415,3.0843373493975905,0.4976902225784565,0.6646103647810722,0.4976902225784565,0.9999999999996164,0.001960779606922102
3143,STT-B,0.8820680379867554,0.06889274300010584,14.515316947076178,3.8208955223880596,0.6843263952422564,0.8125816910253073,0.8067071115602269,0.8185424575080132,0.2628784927135347
3143,SAM-ViT-B,0.9765515923500061,0.4381406769999785,2.282371969768169,3.8208955223880596,0.741672797381785,0.8516786832713056,0.7417668848630584,0.9998290072155536,0.0748479611490411
2614,STT-B,0.7790833711624146,0.07734557399999176,12.928988024577936,3.2569974554707377,0.6270154692033441,0.7707553874830181,0.9686694193981683,0.6399946552049796,0.1600531067165487
2614,SAM-ViT-B,0.9608694911003113,0.4334591699999919,2.3070223661435487,3.2569974554707377,0.9245140987170613,0.9607766441756597,0.938048309588622,0.9846337145210302,0.261297757384191
1187,STT-B,0.8490948677062988,0.11132809599996563,8.982458480205292,3.4133333333333336,0.7596028800708092,0.863379900856086,0.7596510705786647,0.9999164926926931,0.0900450175105064
1187,SAM-ViT-B,0.9806799292564392,0.4695040029999973,2.129907292824521,3.4133333333333336,0.7278900821223222,0.8425189653595023,0.7493090554378965,0.962212943632166,0.07107022924063733
801,STT-B,0.5890777707099915,0.08235773899991727,12.142149749897875,3.054892601431981,0.05315605859556463,0.10094621430835397,0.9999999999983469,0.05315605859556463,0.0
801,SAM-ViT-B,0.8798344135284424,0.42754272700005913,2.3389475176357326,3.054892601431981,0.841952740176839,0.9141958116645341,0.8583318548915191,0.9778377285867837,0.09392665165968983
316,STT-B,0.7386400699615479,0.07141201000001729,14.003246792797988,3.8323353293413174,0.03669884337766906,0.07079942957802583,0.9999999999881517,0.03669884337766906,0.0
316,SAM-ViT-B,0.8426758050918579,0.4341514059999554,2.3033439168456886,3.8323353293413174,0.03639446908425237,0.07023285084956146,0.9999999999880526,0.03639446908425237,0.0
2518,STT-B,0.8562727570533752,0.05988165500002651,16.69960524637399,2.7467811158798283,0.8701035885310395,0.9305405260619847,0.8779136763367151,0.9898791885113984,0.18766324638695026
2518,SAM-ViT-B,0.9982513189315796,0.43360468599996693,2.306248138656131,2.7467811158798283,0.8543809213320239,0.9214729417279723,0.8651241422082643,0.9856735810347634,0.1521042294977337
2278,STT-B,0.6071679592132568,0.07250402299996495,13.792338116196442,3.4133333333333336,0.8731624219224646,0.9322869300637798,0.8752608833138241,0.9972617217522586,0.1930317872521533
2278,SAM-ViT-B,0.9948469996452332,0.4408057260000078,2.268573072029428,3.4133333333333336,0.8577316188590386,0.9234182269943071,0.857873042044341,0.9998078401227423,0.1220025191907656
2904,STT-B,0.7855349779129028,0.06988365799998064,14.309497078705826,3.843843843843844,0.02681403718402441,0.05222764047433611,0.999999999994695,0.02681403718402441,0.0
2904,SAM-ViT-B,0.8968847990036011,0.43487694700002066,2.2995010586292413,3.843843843843844,0.03139447218309913,0.06087772046450489,0.999999999995469,0.03139447218309913,0.0
824,STT-B,0.6494414210319519,0.06763277100003506,14.785731609303449,3.4594594594594597,0.003694830431773019,0.007362457830301992,0.9999999999711815,0.003694830431773019,0.0
824,SAM-ViT-B,0.8258712291717529,0.43876530499994715,2.279122776127708,3.4594594594594597,0.0037480700633547625,0.007468148981084848,0.9999999999715908,0.0037480700633547625,0.0
2565,STT-B,0.8025109171867371,0.10670995599991784,9.371196816919031,3.843843843843844,0.8252400166967093,0.9042536972098778,0.9053705245627387,0.9031396218055728,0.10903158807263616
2565,SAM-ViT-B,0.9868627786636353,0.4640394369999967,2.1549892536396795,3.843843843843844,0.8693016079649877,0.9300816992409817,0.8705503180714278,0.9983526675709463,0.05128307710544366
668,STT-B,0.44063594937324524,0.09491970900000979,10.53521982457718,3.4133333333333336,0.004587245126051162,0.009132596791980124,0.9999999999576271,0.004587245126051162,0.0
668,SAM-ViT-B,0.9184166789054871,0.44887248399993496,2.2278041885947832,3.4133333333333336,0.6171837951357264,0.7632821909199599,0.8274898950904157,0.7083211849086034,0.138022413871499
174,STT-B,0.7779874801635742,0.12262329500003943,8.15505732413795,3.843843843843844,0.7331349610727411,0.8460217784989577,0.7785136129505867,0.9263494025544352,0.1833376496975487
174,SAM-ViT-B,0.9862202405929565,0.45728358600001684,2.186826797671157,3.843843843843844,0.72889387389876,0.843190996165728,0.7326889457548035,0.992943963741074,0.014716878447015155
165,STT-B,0.7172189950942993,0.10151660600001833,9.850605131536996,3.404255319148936,0.6312984134098903,0.7739827467744448,0.9052142857139625,0.6759834644617481,0.019628685606387364
165,SAM-ViT-B,0.9091300368309021,0.4468199430000368,2.238037974056851,3.404255319148936,0.8020331604296032,0.8901425101837739,0.8589177660944205,0.9237231630881655,0.08124282988318152
3000,STT-B,0.8676284551620483,0.07170094900004642,13.946816798747706,3.8323353293413174,0.6650519353483324,0.7988362659801386,0.6650519353483324,0.9999999999992996,0.019603673007731415
3000,SAM-ViT-B,0.995661199092865,0.429768480000007,2.326834206175343,3.8323353293413174,0.6637534284781443,0.7978987957191322,0.6637534284781443,0.9999999999992996,0.014776920291915496
818,STT-B,0.8799809813499451,0.07496136400004616,13.340205495718891,3.843843843843844,0.6113746886489427,0.7588237459054913,0.7451256753580989,0.773034887426509,0.062415505267959276
818,SAM-ViT-B,0.9954379796981812,0.435600642000054,2.2956807304243507,3.843843843843844,0.7134885588116268,0.8327905723589538,0.7137177736727018,0.9995500815475321,0.031684846646211996
2778,STT-B,0.8581028580665588,0.07043312400003288,14.197865197623965,3.843843843843844,0.8072525112133403,0.8933477820112398,0.8089389718913621,0.9974240886734066,0.16710182267488924
2778,SAM-ViT-B,0.9297645688056946,0.4282613699999729,2.3350226521716477,3.843843843843844,0.807544191918937,0.8935263608262066,0.8085395531112137,0.9984778705795806,0.059170651464334076
2273,STT-B,0.943179190158844,0.0644994140000108,15.504016827189043,3.4133333333333336,0.7558532660771355,0.8609526555323564,0.7558669318385906,0.9999760811325584,0.05642333124596502
2273,SAM-ViT-B,0.9946146011352539,0.42922185000008994,2.3297975161324858,3.4133333333333336,0.8614344878740524,0.9255598233359245,0.8614344878740524,0.9999999999997609,0.061295966987653036
2447,STT-B,0.9600235223770142,0.07069647799994527,14.144976217920984,3.8208955223880596,0.491207132577443,0.6588046983498894,0.9999999999998214,0.491207132577443,0.0
2447,SAM-ViT-B,0.9773394465446472,0.43658175799998844,2.2905217217069946,3.8208955223880596,0.9259592277133085,0.9615564175911449,0.9311042067366202,0.994067885850592,0.10833447828435394
663,STT-B,0.6607080698013306,0.058024504000059096,17.23409820097698,2.56,0.8512088632715612,0.9196248788127092,0.9011711113681905,0.9388502217456085,0.12912683249993015
663,SAM-ViT-B,0.9525390863418579,0.4319318849999263,2.315179857583727,2.56,0.8729223588341943,0.9321500752199331,0.8946051265297981,0.9729844619415293,0.10379737215002961
44,STT-B,0.9831496477127075,0.06863516800001435,14.569790227654007,4.280936454849498,0.39164865744983696,0.5628556537646848,0.8824372998929821,0.41320881420511096,0.016845724443733057
44,SAM-ViT-B,0.9800297021865845,0.4324633169999288,2.312334851744581,4.280936454849498,0.8303034232364069,0.9072850027983176,0.8303034232364069,0.9999999999998439,0.0
3468,STT-B,0.8812928795814514,0.06746879700006048,14.821666377112129,3.4133333333333336,0.7045553638792242,0.8266734877719646,0.8026000388708397,0.8522357257507792,0.13235636883561971
3468,SAM-ViT-B,0.9649937152862549,0.4283190950000062,2.334707958794098,3.4133333333333336,0.7801213470236268,0.8764810874584412,0.7822416617166547,0.9965374914008264,0.04815334757015658
2732,STT-B,0.8241750001907349,0.07079288900001757,14.125712541548515,3.8323353293413174,0.7002455690792759,0.8236993312189319,0.731037173270506,0.9432619013368738,0.14406025435837766
2732,SAM-ViT-B,0.9663094878196716,0.4353309719999743,2.297102812156584,3.8323353293413174,0.6828907802860797,0.8115687462141697,0.7010044993195035,0.9635409175888368,0.11580764704814377
445,STT-B,0.6398888826370239,0.08107296299999689,12.33456830731644,4.571428571428571,0.36224275514470694,0.5318328965621505,0.8992571354087069,0.37756497947995754,0.055764878387760515
445,SAM-ViT-B,0.9029285311698914,0.4534003730000222,2.2055561917236246,4.571428571428571,0.7918454005802713,0.8838322774094686,0.7918454005802713,0.9999999999994528,0.06431471954691408
2705,STT-B,0.62320476770401,0.0598037290000093,16.72136531820356,4.942084942084942,0.341401937298127,0.5090225797433753,0.9999999999993898,0.341401937298127,0.0
2705,SAM-ViT-B,0.9189146161079407,0.4354313569999704,2.296573234619086,4.942084942084942,0.03514217269033744,0.06789825323994449,0.9999999999940724,0.03514217269033744,0.0
238,STT-B,0.5954409837722778,0.07373065399997358,13.562879830149862,3.8323353293413174,0.6868829981715325,0.8143813162099178,0.6913063477457722,0.9907706506684746,0.21542653542337772
238,SAM-ViT-B,0.9472866654396057,0.4334337530000312,2.307157652302007,3.8323353293413174,0.6754460492775229,0.8062880324541459,0.6773846360820317,0.9957808688766591,0.15383338716492656
2553,STT-B,0.7031827569007874,0.06177351600001657,16.18816711031523,3.1067961165048543,0.740052198353447,0.8506091932802173,0.7483758323855983,0.9851935001063795,0.14224436980568936
2553,SAM-ViT-B,0.8750381469726562,0.43387194800004636,2.3048275063865,3.1067961165048543,0.6294579891192305,0.7725979967847725,0.7189211580058366,0.8349369253790705,0.15187080185555146
659,STT-B,0.8580376505851746,0.07012822499996219,14.259593765570699,3.843843843843844,0.7947372166671184,0.8856307311027622,0.9689798043339403,0.8154848838906062,0.1333533513588239
659,SAM-ViT-B,0.9852609634399414,0.42888391600001796,2.3316332524812102,3.843843843843844,0.916003818008119,0.9561607439388072,0.9171556956505622,0.9986307872058934,0.02298621326872981
800,STT-B,0.8588120937347412,0.07185775899995406,13.916381667296907,3.843843843843844,0.4618080734831207,0.6318313352624305,0.9418289376383175,0.47536700671800464,0.023694635904538044
800,SAM-ViT-B,0.9421638250350952,0.4373797079999804,2.286342922886685,3.843843843843844,0.8876457253884573,0.9404791518342663,0.9089115477077164,0.9743184160948043,0.1778091259236196
3130,STT-B,0.8039684891700745,0.06502529900001264,15.37862978530565,3.4133333333333336,0.8438621935851015,0.9153202408736885,0.8961947327221554,0.9352798566458134,0.13886303182352897
3130,SAM-ViT-B,0.970992386341095,0.4335645979999754,2.306461377642408,3.4133333333333336,0.8750232234090949,0.9333465447090957,0.8805342307286804,0.9928981764518562,0.07034220036536905
1401,STT-B,0.8485488891601562,0.06962573800001337,14.36250485416482,3.855421686746988,0.6994822597835898,0.8231710048831709,0.8709432769787103,0.7803669516957982,0.1278400412632803
1401,SAM-ViT-B,0.9646573066711426,0.4286815769999066,2.332733790424163,3.855421686746988,0.766349867638596,0.8677214878874665,0.766349867638596,0.9999999999997169,0.01112655976913153
1709,STT-B,0.608715295791626,0.09602061700002196,10.414430059325397,3.843843843843844,0.23554534329023316,0.38128158479879093,0.9034390267258324,0.241628449181358,0.044318713065381765
1709,SAM-ViT-B,0.9383981227874756,0.45446720000006735,2.200378817216846,3.843843843843844,0.12157003407544732,0.21678545321632475,0.9999999999978926,0.12157003407544732,0.013913040341264907
3563,STT-B,0.9276531934738159,0.2051900100000239,4.873531611016947,3.3074935400516794,0.7072985246505645,0.828558701877082,0.9088929219598189,0.7612722170250793,0.033003295388905965
3563,SAM-ViT-B,0.9983634948730469,0.448930421,2.22751667791299,3.3074935400516794,0.8778762517733796,0.9349670948171945,0.879105491835167,0.998409728718195,0.013001767969156003
3219,STT-B,0.9188140630722046,0.10192910499995378,9.810740514207923,3.843843843843844,0.869850187265761,0.9303955933899956,0.8878351803861558,0.9772419234112886,0.1997807234750624
3219,SAM-ViT-B,0.9818728566169739,0.44555380300005254,2.2443978555826223,3.843843843843844,0.501236232861266,0.6677646354244192,0.5031536844263881,0.9924544332731188,0.07870730490116519
2118,STT-B,0.6892945766448975,0.09654095999997026,10.358297659359385,3.4133333333333336,0.6307598678485213,0.7735778642635956,0.631089074460133,0.9991736675375305,0.2692211299932012
2118,SAM-ViT-B,0.8578265905380249,0.45323309700006575,2.206370202482929,3.4133333333333336,0.32931882931840284,0.49547004383780274,0.8465379493979809,0.3502272414263184,0.09783284088841761
1475,STT-B,0.9022138118743896,0.06973058699998091,14.340908961518906,3.843843843843844,0.6155803707079136,0.7620547784177139,0.8270424739320575,0.7065362706346334,0.035494377790460926
1475,SAM-ViT-B,1.0126577615737915,0.43547471900001256,2.296344555422909,3.843843843843844,0.7973304908002969,0.8872385962197411,0.7973304908002969,0.9999999999998547,0.0033416825573305674
3347,STT-B,0.8697448372840881,0.0731602110000722,13.668631983565673,3.282051282051282,0.8451987786638764,0.9161059376766895,0.8983359549630106,0.9345931234064401,0.13848049662294057
3347,SAM-ViT-B,0.9354144334793091,0.43737664699995094,2.286358923959907,3.282051282051282,0.5277686547555623,0.6909012737141194,0.9187033702081244,0.553624336801393,0.10436089997753181
2985,STT-B,0.9314091801643372,0.07448761600005582,13.425050413739253,4.0894568690095845,0.8154814115105568,0.898363823876381,0.8499323148325716,0.9526483802315456,0.10146173192420864
2985,SAM-ViT-B,0.9877930283546448,0.4351389340000651,2.2981165826909216,4.0894568690095845,0.8433506389774955,0.9150192276443956,0.8442778610693247,0.9986994561360056,0.02419541212965342
1204,STT-B,0.8564538955688477,0.06554212699995787,15.257362642513002,3.290488431876607,0.7182837556995628,0.8360478917606118,0.8514684928987589,0.8211759073741715,0.08639355803731913
1204,SAM-ViT-B,0.976877748966217,0.43671881499994925,2.2898028792281737,3.290488431876607,0.8220812312454224,0.9023540961272253,0.8232833943860124,0.9982269189169136,0.032151505325893184
2374,STT-B,0.7188657522201538,0.05708098200000222,17.518969803286865,2.56,0.8118932819028382,0.8961822310530267,0.8290009189968898,0.9752123552122297,0.08191219593182031
2374,SAM-ViT-B,0.8932430744171143,0.4287762550000025,2.33221869993709,2.56,0.6427369928718404,0.7825196555027407,0.6455052562032695,0.9933719433718156,0.0918899443024936
1304,STT-B,0.8585624694824219,0.06875821400001314,14.543716915041,3.843843843843844,0.5436613146116887,0.704379010428784,0.6210957377207321,0.8134560456996488,0.046886274334208645
1304,SAM-ViT-B,0.9561318755149841,0.43992623099995853,2.273108374844996,3.843843843843844,0.5501623773439475,0.7098125788429948,0.5501623773439475,0.9999999999998413,0.00908015153353961
567,STT-B,0.9229476451873779,0.07977895299995907,12.534634291333868,3.4133333333333336,0.8140513579858886,0.897495381707072,0.8150358926338892,0.9985183060888068,0.07100844838655698
567,SAM-ViT-B,0.9808976650238037,0.4310426089999737,2.3199562621431262,3.4133333333333336,0.7937326909212057,0.8850066622954496,0.7937326909212057,0.999999999999522,0.008515162657299425
1880,STT-B,0.7883768081665039,0.0718800409999858,13.912067746319144,4.0,0.5472550900755683,0.7073883208861703,0.8668737968995079,0.597467588389871,0.08911785132234536
1880,SAM-ViT-B,0.9403963685035706,0.4316929289999507,2.3164613845229653,4.0,0.7846998779539213,0.8793634018214251,0.792436974789768,0.9877103554218776,0.10198625627229976
3185,STT-B,0.6790180206298828,0.07293979799999306,13.709936515043477,4.063492063492063,0.7233964479670458,0.8395009155558829,0.9126972579001161,0.7771733008942379,0.04149074446373574
3185,SAM-ViT-B,0.9533740282058716,0.43142610699999295,2.317894035096064,4.063492063492063,0.39606513889908146,0.5674020901509125,0.8582344890508992,0.42379085850730736,0.07267176197751854
1818,STT-B,0.9067997336387634,0.06702538700005789,14.919719896568987,3.4133333333333336,0.7644215655451255,0.8664840426714625,0.7646018394777279,0.9996916593858884,0.0613325170578838
1818,SAM-ViT-B,0.9904558062553406,0.4328315200000361,2.3103677846750084,3.4133333333333336,0.76558995947564,0.8672341563417267,0.76558995947564,0.9999999999994861,0.06162398423110997
2756,STT-B,0.928446352481842,0.06683145900001364,14.963013152231136,3.4133333333333336,0.6091365370638844,0.7570973910956581,0.8988890192199844,0.6539436791416977,0.02179403713202889
2756,SAM-ViT-B,0.9991723299026489,0.43608414100003756,2.293135443327011,3.4133333333333336,0.8436956812407208,0.9152222786278407,0.8436956812407208,0.9999999999998781,0.0021662555217723018
1287,STT-B,0.9160662293434143,0.06423668899992663,15.567427517958501,3.4133333333333336,0.768107588856684,0.8688471150710545,0.7681813814965972,0.9998749531071027,0.13142548047157881
1287,SAM-ViT-B,0.9912527799606323,0.43287248399997225,2.3101491477570195,3.4133333333333336,0.7604602510458444,0.8639334521686296,0.7604602510458444,0.9999999999996874,0.08513109843681846
2682,STT-B,0.8641524314880371,0.06933319200004462,14.423106324015148,3.8323353293413174,0.784705776009982,0.8793671052763972,0.8121620357375223,0.9586977648200021,0.05220165779736244
2682,SAM-ViT-B,0.9921128749847412,0.4370419720000882,2.2881097561947623,3.8323353293413174,0.7563002362056255,0.8612425377104814,0.7663274618177994,0.9829931972786945,0.027774782434719033
1452,STT-B,0.7760786414146423,0.06961727400005202,14.36425103343249,3.8323353293413174,0.7698001065348707,0.8699288735405025,0.7709456424076901,0.998073497873215,0.1294868777291843
1452,SAM-ViT-B,0.9538631439208984,0.431480740999973,2.31760054384458,3.8323353293413174,0.6090277162842892,0.7570133318656692,0.6090277162842892,0.9999999999996365,0.0
3570,STT-B,0.8449169993400574,0.07297566800002642,13.703197619234373,3.4133333333333336,0.02102671931892865,0.041187402682183336,0.9999999999756097,0.02102671931892865,0.0
3570,SAM-ViT-B,0.9687103033065796,0.4386325940000688,2.2798123387972464,3.4133333333333336,0.022667829119430397,0.044330775788554065,0.9999999999773755,0.022667829119430397,0.0
1190,STT-B,0.9086460471153259,0.08126895999998851,12.304820930403704,4.555160142348755,0.7326480005776218,0.8456974530699544,0.8172516582966358,0.8761948635261787,0.11579657594396478
1190,SAM-ViT-B,0.9829388856887817,0.45926954499998374,2.177370589639327,4.555160142348755,0.7669909352198172,0.8681322806270106,0.767686826439893,0.9988195324193831,0.09617711004109782
639,STT-B,0.8362274169921875,0.07861596700001883,12.720062325249533,3.843843843843844,0.5430977386696373,0.7039058188729669,0.9956059204438414,0.5444026429767692,0.050750922894354955
639,SAM-ViT-B,0.9786156415939331,0.45272770899998704,2.208833212813198,3.843843843843844,0.8809561857849728,0.9367110116042671,0.8908036690270529,0.9876070943061145,0.0800135606907832
2566,STT-B,0.9140551090240479,0.0759376800000382,13.168693065148908,3.843843843843844,0.8530768475804452,0.920713945235789,0.8561578619033864,0.9957992820587352,0.22277511461549096
2566,SAM-ViT-B,0.9819998145103455,0.4413575529999889,2.265736687188913,3.843843843843844,0.8432715291682785,0.9149726622737777,0.8454563119370279,0.9969449324062487,0.1990059225880305
1487,STT-B,0.904862642288208,0.10005034299990712,9.994968233151669,3.342036553524804,0.7026117005957286,0.8253340445738638,0.7910514764563071,0.8627226982181797,0.1046654423073391
1487,SAM-ViT-B,0.9892194271087646,0.45485547900000256,2.1985005043766757,3.342036553524804,0.7799779277556815,0.8763905614707608,0.7802097486411388,0.9996192030461039,0.033530566999723975
1442,STT-B,0.8859724998474121,0.09533515600003284,10.489309945637007,3.4133333333333336,0.03693931398416303,0.07124681933841154,0.9999999999957229,0.03693931398416303,0.0
1442,SAM-ViT-B,0.9866601228713989,0.4521523180000031,2.2116440858321402,3.4133333333333336,0.036907714913175724,0.07118804187172269,0.9999999999957192,0.036907714913175724,0.0
3046,STT-B,0.8866977095603943,0.10919509199993627,9.157920760766277,3.855421686746988,0.5429783924524832,0.7038055686437028,0.6738072258821128,0.7365994632902736,0.0659836884875801
3046,SAM-ViT-B,0.9542356729507446,0.4632179200000337,2.1588111271686707,3.855421686746988,0.6260684681577632,0.7700394914699512,0.6262394022128717,0.9995642101880778,0.03380693002924832
1503,STT-B,0.6457275748252869,0.11304366500007745,8.846139233006244,3.8323353293413174,0.7476115768275245,0.8555809388544785,0.8479967065509293,0.8633020577020708,0.035046459878962356
1503,SAM-ViT-B,0.9810358881950378,0.45931980900002145,2.1771323169734083,3.8323353293413174,0.8053526126105631,0.8921831746165231,0.8053526126105631,0.9999999999998649,0.0
20,STT-B,0.7600148916244507,0.06384394899998824,15.663191510916471,5.688888888888889,0.7252304663020448,0.8407345922386176,0.8159299164224992,0.8670947030488313,0.2984586997544772
20,SAM-ViT-B,0.7899171113967896,0.4360511109999834,2.293309143753192,5.688888888888889,0.1682813512929179,0.28808360435897346,0.1682813512929179,0.9999999999989299,0.0
3054,STT-B,0.9468041062355042,0.06610773700003847,15.126822447415165,3.4133333333333336,0.8482998041657739,0.9179244646932722,0.8944641549809663,0.9426485716544785,0.1639135673952679
3054,SAM-ViT-B,0.9844958782196045,0.43783213100005014,2.2839803869942235,3.4133333333333336,0.836082824168222,0.9107245197906388,0.854738522399824,0.9745588351663816,0.1373291783011969
3539,STT-B,0.8611409068107605,0.06939538400001766,14.410180365883495,3.843843843843844,0.8855550566543712,0.9393043746234099,0.8888653234356074,0.9958121714333673,0.24616673149528248
3539,SAM-ViT-B,0.9801386594772339,0.44101185599993187,2.2675127355309797,3.843843843843844,0.8036714000815004,0.8911505721554224,0.8079617372817992,0.9934360984879286,0.05177619933918591
3668,STT-B,0.8083873391151428,0.06623614799991628,15.097496309738059,3.4133333333333336,0.8298935078891078,0.9070402231728116,0.8453376125788867,0.9784596334104652,0.06560496621756018
3668,SAM-ViT-B,0.964252769947052,0.4388890929999434,2.278479953021136,3.4133333333333336,0.8395793036749469,0.912794900440237,0.8395894534507381,0.9999856013590878,0.03418694703010328
365,STT-B,0.8659929633140564,0.06490066499998193,15.408162612821894,3.4133333333333336,0.7496506974209926,0.8569146956315191,0.8532249804586328,0.8606364612643774,0.1522579106908969
365,SAM-ViT-B,0.9536721706390381,0.44097963699994125,2.267678405295919,3.4133333333333336,0.7868373764599338,0.8807039597736744,0.7868373764599338,0.9999999999998641,0.023332669709103616
2623,STT-B,0.8435923457145691,0.060203327000067475,16.610377695552927,2.711864406779661,0.8280330587353124,0.9059278821884875,0.828642550286957,0.9991125024202868,0.055758375359771795
2623,SAM-ViT-B,0.9860885739326477,0.4412682380000206,2.266195284148127,2.711864406779661,0.8109395446217207,0.8956009017861656,0.8109395446217207,0.9999999999998387,0.002907605683608573
371,STT-B,0.8152678608894348,0.06581319400004304,15.194521633448545,2.8828828828828827,0.7415740510195474,0.8516135740371387,0.7430372856752375,0.997351517549698,0.09447204125961899
371,SAM-ViT-B,0.9513757824897766,0.44758577799996146,2.2342086124105713,2.8828828828828827,0.7263078760003702,0.8414581038500857,0.7263239358760141,0.9999695576726843,0.030885775890926608
2969,STT-B,0.8425450921058655,0.0698617570000124,14.313982970680547,3.4133333333333336,0.7988754831907126,0.8881943087842035,0.8555419268509067,0.9234379936510368,0.14873934500694486
2969,SAM-ViT-B,0.999768078327179,0.44142354400003114,2.2653979688947663,3.4133333333333336,0.8399185748061296,0.9129953752378753,0.8403329454029196,0.9994132603166891,0.10286483380947088
3097,STT-B,0.9183695316314697,0.0632437149999987,15.811847865041143,3.2,0.8063193230778485,0.8927760587800542,0.8163916044709317,0.984929508993472,0.13483815978276967
3097,SAM-ViT-B,0.9907527565956116,0.442331961999912,2.260745516735232,3.2,0.7925590749118833,0.88427665900031,0.7928115203431975,0.999598402062734,0.06402312594130959
357,STT-B,0.646324634552002,0.08284248199993272,12.071101394581733,3.843843843843844,0.12848132372209678,0.2277066018218605,0.9990445859840795,0.12849711219427007,0.023325506694422675
357,SAM-ViT-B,0.937092125415802,0.44361374400000386,2.2542132959703594,3.843843843843844,0.7442307106055105,0.8533626957492916,0.7442307106055105,0.9999999999995903,0.00844753753379384
1339,STT-B,0.8443759083747864,0.06906818400000247,14.478446400153857,3.843843843843844,0.7114339759324219,0.8313893330822991,0.7116344605472175,0.9996041619537437,0.07569259076331987
1339,SAM-ViT-B,0.9588010907173157,0.4442737080000825,2.250864685424541,3.843843843843844,0.6720376985632469,0.8038547206689387,0.6720376985632469,0.9999999999994345,0.024551010736680052
410,STT-B,0.6799626350402832,0.06468248400005905,15.460136008368002,3.2736572890025575,0.6704458272950865,0.8027148397631351,0.7289021519525628,0.8931613254898152,0.09948863153730902
410,SAM-ViT-B,0.9634647369384766,0.440318738999963,2.2710820853801637,3.2736572890025575,0.5593612236859783,0.7174235388049146,0.5593612236859783,0.999999999999773,0.019991844562138032
595,STT-B,0.7590612173080444,0.07249545699994542,13.793967806848269,3.843843843843844,0.779419655755653,0.8760380422173798,0.8073108165879405,0.9575557809325773,0.18735184259616253
595,SAM-ViT-B,0.9458190202713013,0.44255538799995975,2.2596041695917415,3.843843843843844,0.7429246181385963,0.8525034420961051,0.7490878365400203,0.9890466531435146,0.13218669435745198
377,STT-B,0.8072947263717651,0.06865253700004814,14.566104090214449,3.5359116022099446,0.03665632845960354,0.07072031000683167,0.999999999997314,0.03665632845960354,0.0
377,SAM-ViT-B,0.9848473072052002,0.445061614999986,2.2468799067293896,3.5359116022099446,0.0368827844237644,0.071141666112745,0.9999999999973305,0.0368827844237644,0.0
2296,STT-B,0.8851227164268494,0.07925813500003187,12.617001396760067,2.2614840989399294,0.6739035571341785,0.8051880339963445,0.7075442883322803,0.9340968807720716,0.03120931741040758
2296,SAM-ViT-B,0.9852200150489807,0.4442996600000697,2.2507332101038364,2.2614840989399294,0.8732464585338517,0.9323348292539384,0.8801614943424488,0.9910832747989677,0.10160116041646466
478,STT-B,0.774598240852356,0.0689636590000191,14.500390705773354,3.4133333333333336,0.7995776799351845,0.8886281363124963,0.8079385015812225,0.9872231056541942,0.04971416545687955
478,SAM-ViT-B,0.9715357422828674,0.4437413179999794,2.2535652179228585,3.4133333333333336,0.7983793455275559,0.8878875833545016,0.7994432681343857,0.9983358603600092,0.03488476942704621
1399,STT-B,0.7340215444564819,0.06605434799996601,15.139048832947598,3.4133333333333336,0.649874055415554,0.7877862595419383,0.8200728986413338,0.7579456001451014,0.02289559059204378
1399,SAM-ViT-B,0.9712861776351929,0.4473613769999929,2.235329314090554,3.4133333333333336,0.7527007723823462,0.8589039090331921,0.7537516702640942,0.9981511308725984,0.04231240902293459
